{
    "fiber_mean": 97.2096694750486,
    "fiber_std": 89.385504759133,
    "fiber_mean_1": 0.6333635774465319,
    "fiber_std_1": 3.1587164358439157
}