{
    "Cement": {
        "CaO_C": 63.19299601888714,
        "SiO2_C": 20.91453060743534,
        "Al2O3_C": 4.930448123490249,
        "Sp.Gr_C": 3.0952110161421413
    },
    "Silica Fume": {
        "CaO_SF": 0.6172839652043307,
        "SiO2_SF": 94.72550942380781,
        "Al2O3_SF": 0.5941923878456812,
        "Sp.Gr_SF": 2.2640359586454535
    },
    "Fly Ash": {
        "CaO_FA": 13.184670213109982,
        "SiO2_FA": 46.082939449600616,
        "Al2O3_FA": 25.354088137268867,
        "Sp.Gr_FA": 2.499649490855165
    },
    "Limestone Powder": {
        "CaO_LP": 59.164164772727275,
        "SiO2_LP": 1.9395687960687957,
        "Al2O3_LP": 0.4888023590333718,
        "Sp.Gr_LP": 2.6225619834710754
    },
    "Quartz Powder": {
        "CaO_QP": 0.4875111876075731,
        "SiO2_QP": 99.02257620343121,
        "Al2O3_QP": 0.2140895008605852,
        "Sp.Gr_QP": 2.6947469879518064
    },
    "Glass Powder": {
        "CaO_GP": 10.824817086338703,
        "SiO2_GP": 72.18478460824437,
        "Al2O3_GP": 1.5815736362458392
    },
    "Rice Husk Ash": {
        "CaO_RH": 0.9351999999999999,
        "SiO2_RH": 87.82819199999999,
        "Al2O3_RH": 0.278,
        "Sp.Gr_RH": 2.19
    },
    "Metakaolin": {
        "CaO_MK": 0.5567827868852459,
        "SiO2_MK": 55.115475409836066,
        "Al2O3_MK": 38.67140163934426,
        "Sp.Gr_MK": 2.523320994182971
    },
    "GGBFS": {
        "CaO_GGBFS": 36.87072890628684,
        "SiO2_GGBFS": 36.63623048625194,
        "Al2O3_GGBFS": 12.464345892203035,
        "Sp.Gr_GGBFS": 2.896422613531048
    },
    "Steel Slag": {
        "CaO_S": 3.1064681630783317,
        "SiO2_S": 27.390096197892806,
        "Al2O3_S": 3.0084104443426476,
        "Sp.Gr_S": 3.5405142155142166
    },
    "Sand": {
        "Max Size (mm)": 8.35598185353208,
        "d50 _(mm)": 0.17828904731043418
    },
    "Categorical_Values": {
        "Type of Filler": [
            0.0,
            1.0,
            2.0,
            3.0,
            4.0,
            5.0,
            6.0,
            7.0,
            8.0,
            9.0,
            10.0,
            11.0,
            12.0
        ],
        "Type of Fiber": [
            0.0,
            1.0,
            2.0,
            3.0,
            4.0,
            5.0,
            6.0,
            7.0,
            8.0,
            9.0,
            10.0,
            11.0,
            12.0,
            13.0,
            14.0,
            15.0,
            16.0,
            17.0,
            18.0,
            19.0,
            20.0,
            21.0,
            22.0,
            23.0,
            24.0
        ],
        "Curing": [
            0.0,
            1.0,
            2.0,
            3.0,
            4.0,
            5.0,
            6.0,
            7.0,
            8.0,
            9.0,
            10.0,
            11.0,
            12.0,
            13.0,
            14.0,
            15.0,
            16.0,
            17.0,
            18.0,
            19.0,
            20.0,
            21.0,
            22.0,
            23.0,
            24.0,
            25.0
        ],
        "Specimen Size": [
            0.0,
            1.0,
            2.0,
            3.0,
            4.0,
            5.0,
            6.0,
            7.0,
            8.0,
            9.0,
            10.0,
            11.0,
            12.0,
            13.0,
            14.0,
            15.0,
            16.0,
            17.0,
            18.0,
            19.0,
            20.0,
            21.0,
            22.0,
            23.0,
            24.0,
            25.0,
            26.0,
            27.0
        ]
    },
    "Feature_Order": [
        "Cement Amount  (kg/m\u00b3)",
        "CaO_C",
        "SiO2_C",
        "Al2O3_C",
        "Sp.Gr_C",
        "Silica Fume (kg/m\u00b3)",
        "CaO_SF",
        "SiO2_SF",
        "Al2O3_SF",
        "Sp.Gr_SF",
        "Flayash Amount   (kg/m\u00b3)",
        "CaO_FA",
        "SiO2_FA",
        "Al2O3_FA",
        "Sp.Gr_FA",
        "Limestone Powder  (kg/m3)",
        "CaO_LP",
        "SiO2_LP",
        "Al2O3_LP",
        "Sp.Gr_LP",
        "Quartzpowder (kg/m3)",
        "CaO_QP",
        "SiO2_QP",
        "Al2O3_QP",
        "Sp.Gr_QP",
        "Glass powder (kg/m3)",
        "CaO_GP",
        "SiO2_GP",
        "Al2O3_GP",
        "Rice husk ash (kg/m3)",
        "CaO_RH",
        "SiO2_RH",
        "Al2O3_RH",
        "Sp.Gr_RH",
        "Metakaolin (kg/m\u00b3)",
        "CaO_MK",
        "SiO2_MK",
        "Al2O3_MK",
        "Sp.Gr_MK",
        "GGBFS  (kg/m\u00b3)",
        "CaO_GGBFS",
        "SiO2_GGBFS",
        "Al2O3_GGBFS",
        "Sp.Gr_GGBFS",
        "Slag Amount   (kg/m\u00b3)",
        "CaO_S",
        "SiO2_S",
        "Al2O3_S",
        "Sp.Gr_S",
        "Filler (kg/m\u00b3)",
        "Type of Filler",
        "Sand Amount  (kg/m\u00b3)",
        "Max Size (mm)",
        "d50 _(mm)",
        "Type of Fiber",
        "Amount / Quantity of Fiber",
        "Length (mm)",
        "Diameter (mm)",
        "Synergetic Type of Fiber",
        "Amount / Quantity of Fiber .1",
        "Length (mm).1",
        "Diameter (mm).1",
        "Water _Amount  _(kg/m\u00b3)",
        "Superplasticizer  Amount  (kg/m\u00b3)",
        "Curing",
        "Temperature (o C)",
        "Specimen Size"
    ],
    "Fiber_Properties": {
        "0": {
            "Length (mm)": 0.0,
            "Diameter (mm)": 0.0
        },
        "1": {
            "Length (mm)": 12.755942028985508,
            "Diameter (mm)": 0.1892231884057971
        },
        "2": {
            "Length (mm)": 12.680851063829786,
            "Diameter (mm)": 0.1957872340425532
        },
        "3": {
            "Length (mm)": 10.063829787234043,
            "Diameter (mm)": 0.12170212765957446
        },
        "4": {
            "Length (mm)": 13.526434782608629,
            "Diameter (mm)": 0.1890217391304348
        },
        "5": {
            "Length (mm)": 16.534634146341315,
            "Diameter (mm)": 0.19969512195121952
        },
        "6": {
            "Length (mm)": 8.758620689655173,
            "Diameter (mm)": 0.16655172413793104
        },
        "7": {
            "Length (mm)": 30.0,
            "Diameter (mm)": 0.3
        },
        "8": {
            "Length (mm)": 18.108695652173914,
            "Diameter (mm)": 0.22956521739130437
        },
        "9": {
            "Length (mm)": 13.0,
            "Diameter (mm)": 0.19607843137254902
        },
        "10": {
            "Length (mm)": 14.808510638297872,
            "Diameter (mm)": 0.023680851063829788
        },
        "11": {
            "Length (mm)": 12.3125,
            "Diameter (mm)": 0.19375
        },
        "12": {
            "Length (mm)": 13.0,
            "Diameter (mm)": 0.2
        },
        "13": {
            "Length (mm)": 16.8,
            "Diameter (mm)": 0.024399999999999998
        },
        "14": {
            "Length (mm)": 20.0,
            "Diameter (mm)": 0.2
        },
        "15": {
            "Length (mm)": 15.0,
            "Diameter (mm)": 0.11964285714285715
        },
        "16": {
            "Length (mm)": 18.0,
            "Diameter (mm)": 0.02
        },
        "17": {
            "Length (mm)": 30.0,
            "Diameter (mm)": 0.3
        },
        "18": {
            "Length (mm)": 13.0,
            "Diameter (mm)": 0.018
        },
        "19": {
            "Length (mm)": 13.0,
            "Diameter (mm)": 0.2
        },
        "20": {
            "Length (mm)": 15.0,
            "Diameter (mm)": 0.18000000000000002
        },
        "21": {
            "Length (mm)": 20.0,
            "Diameter (mm)": 0.2
        },
        "22": {
            "Length (mm)": 13.0,
            "Diameter (mm)": 0.2
        },
        "23": {
            "Length (mm)": 18.0,
            "Diameter (mm)": 0.024000000000000004
        },
        "24": {
            "Length (mm)": 14.0,